Datetime,Water Level (m)
2026-01-06 00:00:00,-0.01821277
2026-01-06 01:00:00,-0.6555952
2026-01-06 02:00:00,-1.2930135
2026-01-06 03:00:00,-1.8368784
2026-01-06 04:00:00,-2.11097
2026-01-06 05:00:00,-1.4104345
2026-01-06 06:00:00,-0.4416816
2026-01-06 07:00:00,0.28248978
2026-01-06 08:00:00,0.8085107
2026-01-06 09:00:00,0.99424195
2026-01-06 10:00:00,0.952542
2026-01-06 11:00:00,0.606412
2026-01-06 12:00:00,0.057105374
2026-01-06 13:00:00,-0.53094786
2026-01-06 14:00:00,-1.1666981
2026-01-06 15:00:00,-1.6684073
2026-01-06 16:00:00,-1.9205964
2026-01-06 17:00:00,-1.2123864
2026-01-06 18:00:00,-0.26304188
2026-01-06 19:00:00,0.5319047
2026-01-06 20:00:00,1.0645393
2026-01-06 21:00:00,1.3250016
2026-01-06 22:00:00,1.3328699
2026-01-06 23:00:00,1.0055993
2026-01-07 00:00:00,0.40552095
2026-01-07 01:00:00,-0.20505548
2026-01-07 02:00:00,-0.8830422
2026-01-07 03:00:00,-1.4628507
2026-01-07 04:00:00,-1.9914902
2026-01-07 05:00:00,-1.9440553
2026-01-07 06:00:00,-0.9911757
2026-01-07 07:00:00,-0.1400916
2026-01-07 08:00:00,0.48989403
2026-01-07 09:00:00,0.8316168
2026-01-07 10:00:00,0.96968085
2026-01-07 11:00:00,0.86630553
2026-01-07 12:00:00,0.44471142
2026-01-07 13:00:00,-0.08077412
2026-01-07 14:00:00,-0.6627656
2026-01-07 15:00:00,-1.2679532
2026-01-07 16:00:00,-1.7263669
2026-01-07 17:00:00,-1.7857658
2026-01-07 18:00:00,-0.91359967
2026-01-07 19:00:00,-0.06633908
2026-01-07 20:00:00,0.61866945
2026-01-07 21:00:00,1.0084254
2026-01-07 22:00:00,1.1496338
2026-01-07 23:00:00,1.0908635
2026-01-08 00:00:00,0.6589506
2026-01-08 01:00:00,0.10239964
2026-01-08 02:00:00,-0.49762103
2026-01-08 03:00:00,-1.154222
2026-01-08 04:00:00,-1.6794498
2026-01-08 05:00:00,-2.0703964
2026-01-08 06:00:00,-1.5674826
2026-01-08 07:00:00,-0.7039696
2026-01-08 08:00:00,-0.00057717215
2026-01-08 09:00:00,0.5632186
2026-01-08 10:00:00,0.83257145
2026-01-08 11:00:00,0.9229681
2026-01-08 12:00:00,0.76109684
2026-01-08 13:00:00,0.3250296
2026-01-08 14:00:00,-0.19983825
2026-01-08 15:00:00,-0.7555092
2026-01-08 16:00:00,-1.2869698
2026-01-08 17:00:00,-1.636349
2026-01-08 18:00:00,-1.4278886
2026-01-08 19:00:00,-0.60717046
2026-01-08 20:00:00,0.08892605
2026-01-08 21:00:00,0.63517505
2026-01-08 22:00:00,0.92020243
2026-01-08 23:00:00,1.017321
2026-01-09 00:00:00,0.852052
2026-01-09 01:00:00,0.3932017
2026-01-09 02:00:00,-0.15823697
2026-01-09 03:00:00,-0.72042096
2026-01-09 04:00:00,-1.2973601
2026-01-09 05:00:00,-1.7376962
2026-01-09 06:00:00,-1.8321198
2026-01-09 07:00:00,-1.1911032
2026-01-09 08:00:00,-0.44188485
2026-01-09 09:00:00,0.15631013
2026-01-09 10:00:00,0.6071934
2026-01-09 11:00:00,0.8320621
2026-01-09 12:00:00,0.87619436
2026-01-09 13:00:00,0.65055627
2026-01-09 14:00:00,0.21491542
2026-01-09 15:00:00,-0.3058897
2026-01-09 16:00:00,-0.81780493
2026-01-09 17:00:00,-1.2716625
2026-01-09 18:00:00,-1.4705712
2026-01-09 19:00:00,-1.1198841
2026-01-09 20:00:00,-0.43675148
2026-01-09 21:00:00,0.1281867
2026-01-09 22:00:00,0.53676057
2026-01-09 23:00:00,0.75387335
2026-01-10 00:00:00,0.78317624
2026-01-10 01:00:00,0.551416
2026-01-10 02:00:00,0.11635473
2026-01-10 03:00:00,-0.38014552
2026-01-10 04:00:00,-0.9250719
2026-01-10 05:00:00,-1.3921494
2026-01-10 06:00:00,-1.7366629
2026-01-10 07:00:00,-1.5651948
2026-01-10 08:00:00,-0.92451227
2026-01-10 09:00:00,-0.29145896
2026-01-10 10:00:00,0.21583438
2026-01-10 11:00:00,0.58653724
2026-01-10 12:00:00,0.768451
2026-01-10 13:00:00,0.7700984
2026-01-10 14:00:00,0.5235781
2026-01-10 15:00:00,0.12347468
2026-01-10 16:00:00,-0.35662162
2026-01-10 17:00:00,-0.83347255
2026-01-10 18:00:00,-1.2107042
2026-01-10 19:00:00,-1.324212
2026-01-10 20:00:00,-0.9772031
2026-01-10 21:00:00,-0.45147628
2026-01-10 22:00:00,-0.007822404
2026-01-10 23:00:00,0.31464824
2026-01-11 00:00:00,0.47704482
2026-01-11 01:00:00,0.47149315
2026-01-11 02:00:00,0.2390962
2026-01-11 03:00:00,-0.14400738
2026-01-11 04:00:00,-0.56814504
2026-01-11 05:00:00,-1.0414377
2026-01-11 06:00:00,-1.4131733
2026-01-11 07:00:00,-1.6115512
2026-01-11 08:00:00,-1.3393857
2026-01-11 09:00:00,-0.81128484
2026-01-11 10:00:00,-0.28361627
2026-01-11 11:00:00,0.1828061
2026-01-11 12:00:00,0.5258806
2026-01-11 13:00:00,0.69179434
2026-01-11 14:00:00,0.68629026
2026-01-11 15:00:00,0.46059495
2026-01-11 16:00:00,0.09228678
2026-01-11 17:00:00,-0.34790438
2026-01-11 18:00:00,-0.7643327
2026-01-11 19:00:00,-1.1047697
2026-01-11 20:00:00,-1.2113489
2026-01-11 21:00:00,-1.0071263
2026-01-11 22:00:00,-0.605925
2026-01-11 23:00:00,-0.23926878
2026-01-12 00:00:00,0.036600962
